Page,Status
https://www.whiskyhammer.com/auction/past/auc-98/,0
https://www.whiskyhammer.com/auction/past/auc-97/,0
https://www.whiskyhammer.com/auction/past/auc-96/,0
https://www.whiskyhammer.com/auction/past/auc-95/,0
https://www.whiskyhammer.com/auction/past/auc-94/,0
https://www.whiskyhammer.com/auction/past/auc-93/,0
https://www.whiskyhammer.com/auction/past/auc-92/,0
https://www.whiskyhammer.com/auction/past/auc-91/,0
https://www.whiskyhammer.com/auction/past/auc-90/,0
https://www.whiskyhammer.com/auction/past/auc-89/,0
https://www.whiskyhammer.com/auction/past/auc-88/,0
https://www.whiskyhammer.com/auction/past/auc-87/,0
https://www.whiskyhammer.com/auction/past/auc-84/,0
https://www.whiskyhammer.com/auction/past/auc-83/,0
https://www.whiskyhammer.com/auction/past/auc-82/,0
https://www.whiskyhammer.com/auction/past/auc-81/,0
https://www.whiskyhammer.com/auction/past/auc-80/,0
https://www.whiskyhammer.com/auction/past/auc-79/,0
https://www.whiskyhammer.com/auction/past/auc-78/,0
https://www.whiskyhammer.com/auction/past/auc-77/,0
https://www.whiskyhammer.com/auction/past/auc-76/,0
https://www.whiskyhammer.com/auction/past/auc-75/,0
https://www.whiskyhammer.com/auction/past/auc-74/,0
https://www.whiskyhammer.com/auction/past/auc-73/,0
https://www.whiskyhammer.com/auction/past/auc-72/,0
https://www.whiskyhammer.com/auction/past/auc-71/,0
https://www.whiskyhammer.com/auction/past/auc-70/,0
https://www.whiskyhammer.com/auction/past/auc-69/,0
https://www.whiskyhammer.com/auction/past/auc-68/,0
https://www.whiskyhammer.com/auction/past/auc-67/,0
https://www.whiskyhammer.com/auction/past/auc-66/,0
https://www.whiskyhammer.com/auction/past/auc-65/,0
https://www.whiskyhammer.com/auction/past/auc-63/,0
https://www.whiskyhammer.com/auction/past/auc-62/,0
https://www.whiskyhammer.com/auction/past/auc-61/,0
https://www.whiskyhammer.com/auction/past/auc-60/,0
https://www.whiskyhammer.com/auction/past/auc-59/,0
https://www.whiskyhammer.com/auction/past/auc-58/,0
https://www.whiskyhammer.com/auction/past/auc-57/,0
https://www.whiskyhammer.com/auction/past/auc-56/,0
https://www.whiskyhammer.com/auction/past/auc-55/,0
https://www.whiskyhammer.com/auction/past/auc-54/,0
https://www.whiskyhammer.com/auction/past/auc-53/,0
https://www.whiskyhammer.com/auction/past/auc-52/,0
https://www.whiskyhammer.com/auction/past/auc-51/,0
https://www.whiskyhammer.com/auction/past/auc-50/,0
https://www.whiskyhammer.com/auction/past/auc-49/,0
https://www.whiskyhammer.com/auction/past/auc-48/,0
https://www.whiskyhammer.com/auction/past/auc-47/,0
https://www.whiskyhammer.com/auction/past/auc-46/,0
https://www.whiskyhammer.com/auction/past/auc-45/,0
https://www.whiskyhammer.com/auction/past/auc-40/,0
https://www.whiskyhammer.com/auction/past/auc-41/,0
https://www.whiskyhammer.com/auction/past/auc-42/,0
https://www.whiskyhammer.com/auction/past/auc-43/,0
https://www.whiskyhammer.com/auction/past/auc-44/,0
https://www.whiskyhammer.com/auction/past/auc-39/,0
https://www.whiskyhammer.com/auction/past/auc-38/,0
https://www.whiskyhammer.com/auction/past/auc-37/,0
https://www.whiskyhammer.com/auction/past/auc-36/,0
https://www.whiskyhammer.com/auction/past/auc-35/,0
https://www.whiskyhammer.com/auction/past/auc-30/,0
https://www.whiskyhammer.com/auction/past/auc-31/,0
https://www.whiskyhammer.com/auction/past/auc-32/,0
https://www.whiskyhammer.com/auction/past/auc-33/,0
https://www.whiskyhammer.com/auction/past/auc-34/,0
https://www.whiskyhammer.com/auction/past/auc-29/,0
https://www.whiskyhammer.com/auction/past/auc-28/,0
https://www.whiskyhammer.com/auction/past/auc-27/,0
https://www.whiskyhammer.com/auction/past/auc-26/,0
https://www.whiskyhammer.com/auction/past/auc-25/,0
https://www.whiskyhammer.com/auction/past/auc-18/,0
https://www.whiskyhammer.com/auction/past/auc-19/,0
https://www.whiskyhammer.com/auction/past/auc-20/,0
https://www.whiskyhammer.com/auction/past/auc-21/,0
https://www.whiskyhammer.com/auction/past/auc-24/,0
https://www.whiskyhammer.com/auction/past/auc-17/,0
https://www.whiskyhammer.com/auction/past/auc-16/,0
https://www.whiskyhammer.com/auction/past/auc-15/,0
https://www.whiskyhammer.com/auction/past/auc-14/,0
https://www.whiskyhammer.com/auction/past/auc-13/,0
https://www.whiskyhammer.com/whisky-auction-online,0
https://www.whiskyhammer.com/whisky-auction-uk,0
https://www.whiskyhammer.com/scotch-whisky-auction,0
https://www.whiskyhammer.com/rare-whisky-auction,0
https://www.whiskyhammer.com/online-whisky-auction,0
https://www.whiskyhammer.com/scottish-whisky-auction,0
https://www.whiskyhammer.com/malt-whisky-auction,0
https://www.whiskyhammer.com/online-whisky-auctions,0
https://www.whiskyhammer.com/rare-whisky-auctions,0
https://www.whiskyhammer.com/scotch-whisky-auctions,0
https://www.whiskyhammer.com/whisky-auctions-online,0
https://www.whiskyhammer.com/whisky-auctions-uk,0
